"epoch","tx","tx-idx","committee-yes","committee-excl-abstain","DRep-yes","DRep-excl-abstain","SPO-yes","SPO-active","SPO-abstain","outcome"
559,"7d9fc9fe4cee64fb34e57783378ac869a85c78d6fbcd4078ed131ab6fa3c7db6",0,0,0,2178305373258901,5207849136517389,588721881808229,22086601194918576,7000560742234443,""
559,"bd488931f792651fefa9c6fda185a2c6cec83245b51d994e33090ce36e29cc26",0,0,0,2115855129911426,5217939703541428,287247448525578,22086601194918576,7000560742234443,""
559,"4840e305563327358cf70dae5015b2df8f8c35cef03f74521d4f117ac17bc384",0,0,0,184579733439919,5139704501311624,0,22086601194918576,7024660401095947,""
559,"637e3c256da9c1350847ca3211e8c44e3660a4471e8b6f68a8c537746b4aeb73",0,0,0,1514138360108429,5161526396197009,3682794689843,22086601194918576,7000560742234443,""
559,"defbf15b06092718adf4befeab982e03d2966b9caeef93c19e470549ef75ea49",0,0,0,1371006495411808,5054666233990933,58362748158738,22086601194918576,7000560742234443,""
559,"e14de8d9dc4f4ddf3fe9250a8a926e20f10e99b86bd0610b77d7a054981591ee",0,0,0,1441182029584431,5230072714683048,24099658861504,22086601194918576,7000560742234443,""
560,"7d9fc9fe4cee64fb34e57783378ac869a85c78d6fbcd4078ed131ab6fa3c7db6",0,0,0,2287971745598897,5375400329049452,572995584418329,22109908030981126,7572820149763520,""
560,"bd488931f792651fefa9c6fda185a2c6cec83245b51d994e33090ce36e29cc26",0,0,0,2347665572080054,5404345471008935,273327039001741,22109908030981126,7571934024351234,""
560,"4840e305563327358cf70dae5015b2df8f8c35cef03f74521d4f117ac17bc384",0,0,0,202695530749354,5285768367619631,0,22109908030981126,7596008969858416,""
560,"637e3c256da9c1350847ca3211e8c44e3660a4471e8b6f68a8c537746b4aeb73",0,0,0,1656869912522694,5349838824751067,3667024728937,22109908030981126,7572820149763520,""
560,"defbf15b06092718adf4befeab982e03d2966b9caeef93c19e470549ef75ea49",0,0,0,1514222000602654,5216294710066032,44200697772708,22109908030981126,7571934024351234,""
560,"e14de8d9dc4f4ddf3fe9250a8a926e20f10e99b86bd0610b77d7a054981591ee",0,0,0,1668022206667868,5374848535709605,24074945507182,22109908030981126,7571934024351234,""
561,"7d9fc9fe4cee64fb34e57783378ac869a85c78d6fbcd4078ed131ab6fa3c7db6",0,0,0,2349965987191895,5355678135055138,629153824163943,22056240205171748,7538000074152046,"Expired"
561,"bd488931f792651fefa9c6fda185a2c6cec83245b51d994e33090ce36e29cc26",0,0,0,2483531092944129,5384919155204081,363624858462589,22056240205171748,7537114090957381,""
561,"4840e305563327358cf70dae5015b2df8f8c35cef03f74521d4f117ac17bc384",0,0,0,202558468389289,5024443595554184,0,22056240205171748,7561176056239818,""
561,"637e3c256da9c1350847ca3211e8c44e3660a4471e8b6f68a8c537746b4aeb73",0,0,0,1712570182319402,5318848077037273,93318201756839,22056240205171748,7538000074152046,""
561,"defbf15b06092718adf4befeab982e03d2966b9caeef93c19e470549ef75ea49",0,0,0,1570478379647498,5168649178328868,133907149320029,22056240205171748,7537114090957381,""
561,"e14de8d9dc4f4ddf3fe9250a8a926e20f10e99b86bd0610b77d7a054981591ee",0,0,0,1723482169412046,5355170142250568,335759984819305,22056240205171748,7537114090957381,""
562,"bd488931f792651fefa9c6fda185a2c6cec83245b51d994e33090ce36e29cc26",0,0,0,3465391911062135,5368967550067350,378013564294401,21959694096131465,7551928984530533,""
562,"4840e305563327358cf70dae5015b2df8f8c35cef03f74521d4f117ac17bc384",0,0,0,202603308806466,4985477152569672,0,21959694096131465,7575983174324356,""
562,"637e3c256da9c1350847ca3211e8c44e3660a4471e8b6f68a8c537746b4aeb73",0,0,0,1820181510256017,5293393415877734,93586313337747,21959694096131465,7552814967725198,""
562,"defbf15b06092718adf4befeab982e03d2966b9caeef93c19e470549ef75ea49",0,0,0,1597422130017612,5096299765005944,134044159303331,21959694096131465,7551928984530533,""
562,"e14de8d9dc4f4ddf3fe9250a8a926e20f10e99b86bd0610b77d7a054981591ee",0,0,0,1830009776165099,5334431949427672,335189519243901,21959694096131465,7551928984530533,""
563,"bd488931f792651fefa9c6fda185a2c6cec83245b51d994e33090ce36e29cc26",0,0,0,4321359580966578,5373117458820690,540210151799288,21922756837245120,7463772430679183,"Expired"
563,"4840e305563327358cf70dae5015b2df8f8c35cef03f74521d4f117ac17bc384",0,0,0,202520094442362,4996022396253479,0,21922756837245120,7598069525692957,"Expired"
563,"637e3c256da9c1350847ca3211e8c44e3660a4471e8b6f68a8c537746b4aeb73",0,0,0,1968485489377223,5279937755560750,120064848874479,21922756837245120,7529649447382134,"Expired"
563,"defbf15b06092718adf4befeab982e03d2966b9caeef93c19e470549ef75ea49",0,0,0,1716868287029717,4975072410280881,197737922169166,21922756837245120,7574793134829125,"Expired"
563,"e14de8d9dc4f4ddf3fe9250a8a926e20f10e99b86bd0610b77d7a054981591ee",0,0,0,2746272131843452,5338676752556794,560605356286654,21922756837245120,7463772430679183,""
564,"e14de8d9dc4f4ddf3fe9250a8a926e20f10e99b86bd0610b77d7a054981591ee",0,0,0,3507571619310506,5362839182790499,582514477326475,21958111810684761,7747130644784116,"Expired"
567,"60ed6ab43c840ff888a8af30a1ed27b41e9f4a91a89822b2b63d1bfc52aeec45",0,0,0,1561918134604473,5259655040089169,0,22022928316834548,8345753024340192,""
568,"60ed6ab43c840ff888a8af30a1ed27b41e9f4a91a89822b2b63d1bfc52aeec45",0,0,0,2607930406155159,5277838785038164,0,22035038886516172,8654556441411076,""
568,"9d213a57684d7ddf6f3350c80d042639ecbed5ccccc4a05bf54959a086593e7b",0,0,0,2493091266129,5288754909162248,25714654864916,22035038886516172,8654556441411076,""
569,"60ed6ab43c840ff888a8af30a1ed27b41e9f4a91a89822b2b63d1bfc52aeec45",0,0,0,3193319989228761,5290261732408320,0,22056635838406806,8742930735561454,""
569,"9d213a57684d7ddf6f3350c80d042639ecbed5ccccc4a05bf54959a086593e7b",0,0,0,826295250819614,5215026612977897,26790549790221,22056635838406806,8742930735561454,""
570,"60ed6ab43c840ff888a8af30a1ed27b41e9f4a91a89822b2b63d1bfc52aeec45",0,0,0,3952991236887647,5333771848931091,0,22028639050854703,8768708843588814,"Ratified"
570,"9d213a57684d7ddf6f3350c80d042639ecbed5ccccc4a05bf54959a086593e7b",0,0,0,1217717131925741,5293175773461285,50643630295027,22028639050854703,8768708843588814,""
570,"495bd3cd44ea6bc0b4c2dbb1e4cdc7e214874c2c07490a4e2476a627ef911280",0,0,0,174837445495054,5380039544851205,0,22028639050854703,8768708843588814,""
571,"3cf29192a0ee1a77985054072edcdb566ac14707730637c4635d8fb6813cb4c9",0,0,0,954273653010607,5376867551005187,0,21932035208025158,8752520120136800,""
571,"8ad3d454f3496a35cb0d07b0fd32f687f66338b7d60e787fc0a22939e5d8833e",0,0,0,141498185956824,5386214329193010,0,21932035208025158,8752520120136800,""
571,"8ad3d454f3496a35cb0d07b0fd32f687f66338b7d60e787fc0a22939e5d8833e",1,0,0,130272695447748,5386214329193010,0,21932035208025158,8752520120136800,""
571,"8ad3d454f3496a35cb0d07b0fd32f687f66338b7d60e787fc0a22939e5d8833e",2,0,0,50262462866040,5386214329193010,0,21932035208025158,8752520120136800,""
571,"8ad3d454f3496a35cb0d07b0fd32f687f66338b7d60e787fc0a22939e5d8833e",3,0,0,50894636838892,5386214329193010,0,21932035208025158,8752520120136800,""
571,"8ad3d454f3496a35cb0d07b0fd32f687f66338b7d60e787fc0a22939e5d8833e",4,0,0,50260495258920,5386214329193010,0,21932035208025158,8752520120136800,""
571,"8ad3d454f3496a35cb0d07b0fd32f687f66338b7d60e787fc0a22939e5d8833e",5,0,0,50260495258920,5386214329193010,0,21932035208025158,8752520120136800,""
571,"8ad3d454f3496a35cb0d07b0fd32f687f66338b7d60e787fc0a22939e5d8833e",6,0,0,50894636838892,5386214329193010,0,21932035208025158,8752520120136800,""
571,"8ad3d454f3496a35cb0d07b0fd32f687f66338b7d60e787fc0a22939e5d8833e",7,0,0,50262462866040,5386214329193010,0,21932035208025158,8752520120136800,""
571,"8ad3d454f3496a35cb0d07b0fd32f687f66338b7d60e787fc0a22939e5d8833e",8,0,0,61667706409855,5386214329193010,0,21932035208025158,8752520120136800,""
571,"8ad3d454f3496a35cb0d07b0fd32f687f66338b7d60e787fc0a22939e5d8833e",9,0,0,50894636838892,5386214329193010,0,21932035208025158,8752520120136800,""
571,"8ad3d454f3496a35cb0d07b0fd32f687f66338b7d60e787fc0a22939e5d8833e",10,0,0,0,5386214329193010,0,21932035208025158,8752520120136800,""
571,"8ad3d454f3496a35cb0d07b0fd32f687f66338b7d60e787fc0a22939e5d8833e",11,0,0,50305430285126,5386214329193010,0,21932035208025158,8752520120136800,""
571,"8ad3d454f3496a35cb0d07b0fd32f687f66338b7d60e787fc0a22939e5d8833e",12,0,0,0,5386214329193010,0,21932035208025158,8752520120136800,""
571,"8ad3d454f3496a35cb0d07b0fd32f687f66338b7d60e787fc0a22939e5d8833e",13,0,0,50260495258920,5386214329193010,0,21932035208025158,8752520120136800,""
571,"8ad3d454f3496a35cb0d07b0fd32f687f66338b7d60e787fc0a22939e5d8833e",14,0,0,0,5386214329193010,0,21932035208025158,8752520120136800,""
571,"8ad3d454f3496a35cb0d07b0fd32f687f66338b7d60e787fc0a22939e5d8833e",15,0,0,50260495258920,5386214329193010,0,21932035208025158,8752520120136800,""
571,"8ad3d454f3496a35cb0d07b0fd32f687f66338b7d60e787fc0a22939e5d8833e",16,0,0,50260495258920,5386214329193010,0,21932035208025158,8752520120136800,""
571,"8ad3d454f3496a35cb0d07b0fd32f687f66338b7d60e787fc0a22939e5d8833e",17,0,0,0,5386214329193010,0,21932035208025158,8752520120136800,""
571,"8ad3d454f3496a35cb0d07b0fd32f687f66338b7d60e787fc0a22939e5d8833e",18,0,0,50260495258920,5386214329193010,0,21932035208025158,8752520120136800,""
571,"8ad3d454f3496a35cb0d07b0fd32f687f66338b7d60e787fc0a22939e5d8833e",19,0,0,0,5386214329193010,0,21932035208025158,8752520120136800,""
571,"8ad3d454f3496a35cb0d07b0fd32f687f66338b7d60e787fc0a22939e5d8833e",20,0,0,50894636838892,5386214329193010,0,21932035208025158,8752520120136800,""
571,"8ad3d454f3496a35cb0d07b0fd32f687f66338b7d60e787fc0a22939e5d8833e",21,0,0,1967607120,5386214329193010,0,21932035208025158,8752520120136800,""
571,"8ad3d454f3496a35cb0d07b0fd32f687f66338b7d60e787fc0a22939e5d8833e",22,0,0,0,5386214329193010,0,21932035208025158,8752520120136800,""
571,"8ad3d454f3496a35cb0d07b0fd32f687f66338b7d60e787fc0a22939e5d8833e",23,0,0,83416886760239,5386214329193010,0,21932035208025158,8752520120136800,""
571,"8ad3d454f3496a35cb0d07b0fd32f687f66338b7d60e787fc0a22939e5d8833e",24,0,0,61940143894442,5386214329193010,0,21932035208025158,8752520120136800,""
571,"8ad3d454f3496a35cb0d07b0fd32f687f66338b7d60e787fc0a22939e5d8833e",25,0,0,50947818234725,5386214329193010,0,21932035208025158,8752520120136800,""
571,"8ad3d454f3496a35cb0d07b0fd32f687f66338b7d60e787fc0a22939e5d8833e",26,0,0,14231285772119,5386214329193010,0,21932035208025158,8752520120136800,""
571,"8ad3d454f3496a35cb0d07b0fd32f687f66338b7d60e787fc0a22939e5d8833e",27,0,0,50260495258920,5386214329193010,0,21932035208025158,8752520120136800,""
571,"8ad3d454f3496a35cb0d07b0fd32f687f66338b7d60e787fc0a22939e5d8833e",28,0,0,0,5386214329193010,0,21932035208025158,8752520120136800,""
571,"8ad3d454f3496a35cb0d07b0fd32f687f66338b7d60e787fc0a22939e5d8833e",29,0,0,50260495258920,5386214329193010,0,21932035208025158,8752520120136800,""
571,"8ad3d454f3496a35cb0d07b0fd32f687f66338b7d60e787fc0a22939e5d8833e",30,0,0,0,5386214329193010,0,21932035208025158,8752520120136800,""
571,"8ad3d454f3496a35cb0d07b0fd32f687f66338b7d60e787fc0a22939e5d8833e",31,0,0,0,5386214329193010,0,21932035208025158,8752520120136800,""
571,"8ad3d454f3496a35cb0d07b0fd32f687f66338b7d60e787fc0a22939e5d8833e",32,0,0,117178436194883,5386214329193010,0,21932035208025158,8752520120136800,""
571,"8ad3d454f3496a35cb0d07b0fd32f687f66338b7d60e787fc0a22939e5d8833e",33,0,0,685355368685,5386214329193010,0,21932035208025158,8752520120136800,""
571,"8ad3d454f3496a35cb0d07b0fd32f687f66338b7d60e787fc0a22939e5d8833e",34,0,0,685355368685,5386214329193010,0,21932035208025158,8752520120136800,""
571,"8ad3d454f3496a35cb0d07b0fd32f687f66338b7d60e787fc0a22939e5d8833e",35,0,0,0,5386214329193010,0,21932035208025158,8752520120136800,""
571,"8ad3d454f3496a35cb0d07b0fd32f687f66338b7d60e787fc0a22939e5d8833e",36,0,0,50260495258920,5386214329193010,0,21932035208025158,8752520120136800,""
571,"2c7f900b7ff68f317a7b0e42231d4aed36227660baf2ee9a4be7e880eb977313",0,0,0,50260495258920,5386214329193010,0,21932035208025158,8752520120136800,""
571,"9d213a57684d7ddf6f3350c80d042639ecbed5ccccc4a05bf54959a086593e7b",0,0,0,1361385202818112,5297749149519696,50931092047066,21932035208025158,8752520120136800,""
571,"495bd3cd44ea6bc0b4c2dbb1e4cdc7e214874c2c07490a4e2476a627ef911280",0,0,0,337502690212350,5378303289511536,0,21932035208025158,8752520120136800,""
572,"3cf29192a0ee1a77985054072edcdb566ac14707730637c4635d8fb6813cb4c9",0,0,0,2396009252931578,5318550693318470,0,21893641633435155,8806523783162277,""
572,"8ad3d454f3496a35cb0d07b0fd32f687f66338b7d60e787fc0a22939e5d8833e",0,0,0,2589290377203632,5324946762987148,0,21893641633435155,8806523783162277,""
572,"8ad3d454f3496a35cb0d07b0fd32f687f66338b7d60e787fc0a22939e5d8833e",1,0,0,2548386005616502,5334289550335089,0,21893641633435155,8806523783162277,""
572,"8ad3d454f3496a35cb0d07b0fd32f687f66338b7d60e787fc0a22939e5d8833e",2,0,0,2229489849699216,5309544715393109,0,21893641633435155,8806523783162277,""
572,"8ad3d454f3496a35cb0d07b0fd32f687f66338b7d60e787fc0a22939e5d8833e",3,0,0,1508123583771567,5334289550335089,0,21893641633435155,8806523783162277,""
572,"8ad3d454f3496a35cb0d07b0fd32f687f66338b7d60e787fc0a22939e5d8833e",4,0,0,1805800490079362,5302006671746177,0,21893641633435155,8806523783162277,""
572,"8ad3d454f3496a35cb0d07b0fd32f687f66338b7d60e787fc0a22939e5d8833e",5,0,0,1505846579533593,5309544715393109,0,21893641633435155,8806523783162277,""
572,"8ad3d454f3496a35cb0d07b0fd32f687f66338b7d60e787fc0a22939e5d8833e",6,0,0,1514117291334864,5309940665618999,0,21893641633435155,8806523783162277,""
572,"8ad3d454f3496a35cb0d07b0fd32f687f66338b7d60e787fc0a22939e5d8833e",7,0,0,2164943553712957,5309940665618999,0,21893641633435155,8806523783162277,""
572,"8ad3d454f3496a35cb0d07b0fd32f687f66338b7d60e787fc0a22939e5d8833e",8,0,0,1571653049955746,5309940665618999,0,21893641633435155,8806523783162277,""
572,"8ad3d454f3496a35cb0d07b0fd32f687f66338b7d60e787fc0a22939e5d8833e",9,0,0,1417848406720724,5309940665618999,0,21893641633435155,8806523783162277,""
572,"8ad3d454f3496a35cb0d07b0fd32f687f66338b7d60e787fc0a22939e5d8833e",10,0,0,950975146503846,5334289550335089,0,21893641633435155,8806523783162277,""
572,"8ad3d454f3496a35cb0d07b0fd32f687f66338b7d60e787fc0a22939e5d8833e",11,0,0,2034832953480082,5334289550335089,0,21893641633435155,8806523783162277,""
572,"8ad3d454f3496a35cb0d07b0fd32f687f66338b7d60e787fc0a22939e5d8833e",12,0,0,1712930217069491,5334289550335089,0,21893641633435155,8806523783162277,""
572,"8ad3d454f3496a35cb0d07b0fd32f687f66338b7d60e787fc0a22939e5d8833e",13,0,0,1708644918270994,5304498028163754,0,21893641633435155,8806523783162277,""
572,"8ad3d454f3496a35cb0d07b0fd32f687f66338b7d60e787fc0a22939e5d8833e",14,0,0,1878046920645224,5328632915846327,0,21893641633435155,8806523783162277,""
572,"8ad3d454f3496a35cb0d07b0fd32f687f66338b7d60e787fc0a22939e5d8833e",15,0,0,1987840732207430,5334289550335089,0,21893641633435155,8806523783162277,""
572,"8ad3d454f3496a35cb0d07b0fd32f687f66338b7d60e787fc0a22939e5d8833e",16,0,0,1302303980541964,5328786409075130,0,21893641633435155,8806523783162277,""
572,"8ad3d454f3496a35cb0d07b0fd32f687f66338b7d60e787fc0a22939e5d8833e",17,0,0,1288840691062084,5333893600109199,0,21893641633435155,8806523783162277,""
572,"8ad3d454f3496a35cb0d07b0fd32f687f66338b7d60e787fc0a22939e5d8833e",18,0,0,1356893862174209,5309940665618999,0,21893641633435155,8806523783162277,""
572,"8ad3d454f3496a35cb0d07b0fd32f687f66338b7d60e787fc0a22939e5d8833e",19,0,0,887362399687993,5306476315394138,0,21893641633435155,8806523783162277,""
572,"8ad3d454f3496a35cb0d07b0fd32f687f66338b7d60e787fc0a22939e5d8833e",20,0,0,1695230515188148,5290978737419088,0,21893641633435155,8806523783162277,""
572,"8ad3d454f3496a35cb0d07b0fd32f687f66338b7d60e787fc0a22939e5d8833e",21,0,0,1733915975898475,5326355556462267,0,21893641633435155,8806523783162277,""
572,"8ad3d454f3496a35cb0d07b0fd32f687f66338b7d60e787fc0a22939e5d8833e",22,0,0,1377410529233389,5334289550335089,0,21893641633435155,8806523783162277,""
572,"8ad3d454f3496a35cb0d07b0fd32f687f66338b7d60e787fc0a22939e5d8833e",23,0,0,2404464214670442,5331749994744314,0,21893641633435155,8806523783162277,""
572,"8ad3d454f3496a35cb0d07b0fd32f687f66338b7d60e787fc0a22939e5d8833e",24,0,0,1516078507065287,5334289550335089,0,21893641633435155,8806523783162277,""
572,"8ad3d454f3496a35cb0d07b0fd32f687f66338b7d60e787fc0a22939e5d8833e",25,0,0,1232534129866809,5334289550335089,0,21893641633435155,8806523783162277,""
572,"8ad3d454f3496a35cb0d07b0fd32f687f66338b7d60e787fc0a22939e5d8833e",26,0,0,1900677478888394,5328266167279521,0,21893641633435155,8806523783162277,""
572,"8ad3d454f3496a35cb0d07b0fd32f687f66338b7d60e787fc0a22939e5d8833e",27,0,0,1279593555777223,5318471801324651,0,21893641633435155,8806523783162277,""
572,"8ad3d454f3496a35cb0d07b0fd32f687f66338b7d60e787fc0a22939e5d8833e",28,0,0,1294000536876379,5334251697092091,0,21893641633435155,8806523783162277,""
572,"8ad3d454f3496a35cb0d07b0fd32f687f66338b7d60e787fc0a22939e5d8833e",29,0,0,1191778001074417,5301094417292034,0,21893641633435155,8806523783162277,""
572,"8ad3d454f3496a35cb0d07b0fd32f687f66338b7d60e787fc0a22939e5d8833e",30,0,0,1510625145844260,5334289550335089,0,21893641633435155,8806523783162277,""
572,"8ad3d454f3496a35cb0d07b0fd32f687f66338b7d60e787fc0a22939e5d8833e",31,0,0,1579996380346956,5334289550335089,0,21893641633435155,8806523783162277,""
572,"8ad3d454f3496a35cb0d07b0fd32f687f66338b7d60e787fc0a22939e5d8833e",32,0,0,2374491173648072,5309902812376001,0,21893641633435155,8806523783162277,""
572,"8ad3d454f3496a35cb0d07b0fd32f687f66338b7d60e787fc0a22939e5d8833e",33,0,0,1416592240922726,5309940665618999,0,21893641633435155,8806523783162277,""
572,"8ad3d454f3496a35cb0d07b0fd32f687f66338b7d60e787fc0a22939e5d8833e",34,0,0,1378126587450605,5309940665618999,0,21893641633435155,8806523783162277,""
572,"8ad3d454f3496a35cb0d07b0fd32f687f66338b7d60e787fc0a22939e5d8833e",35,0,0,1690565275664305,5290978737419088,0,21893641633435155,8806523783162277,""
572,"8ad3d454f3496a35cb0d07b0fd32f687f66338b7d60e787fc0a22939e5d8833e",36,0,0,1382616373038771,5328884766122842,0,21893641633435155,8806523783162277,""
572,"2c7f900b7ff68f317a7b0e42231d4aed36227660baf2ee9a4be7e880eb977313",0,0,0,1561443886542471,5328884766122842,0,21893641633435155,8806523783162277,""
572,"9d213a57684d7ddf6f3350c80d042639ecbed5ccccc4a05bf54959a086593e7b",0,0,0,1486234764333616,4635223770462583,50791095671012,21893641633435155,8806523783162277,""
572,"495bd3cd44ea6bc0b4c2dbb1e4cdc7e214874c2c07490a4e2476a627ef911280",0,0,0,508147774436035,5279668672235627,0,21893641633435155,8806523783162277,""
573,"3cf29192a0ee1a77985054072edcdb566ac14707730637c4635d8fb6813cb4c9",0,0,0,2663523821892350,5128043627805436,0,21902643146872253,9149251409452672,""
573,"8ad3d454f3496a35cb0d07b0fd32f687f66338b7d60e787fc0a22939e5d8833e",0,0,0,3208260697570991,5363105875798116,0,21902643146872253,9149251409452672,""
573,"8ad3d454f3496a35cb0d07b0fd32f687f66338b7d60e787fc0a22939e5d8833e",1,0,0,3014654982926852,5127471193870946,0,21902643146872253,9149251409452672,""
573,"8ad3d454f3496a35cb0d07b0fd32f687f66338b7d60e787fc0a22939e5d8833e",2,0,0,2989999753245263,5338282250071402,0,21902643146872253,9149251409452672,""
573,"8ad3d454f3496a35cb0d07b0fd32f687f66338b7d60e787fc0a22939e5d8833e",3,0,0,2108269639930724,5134636740989102,0,21902643146872253,9149251409452672,""
573,"8ad3d454f3496a35cb0d07b0fd32f687f66338b7d60e787fc0a22939e5d8833e",4,0,0,2347479306776075,5101533179655900,0,21902643146872253,9149251409452672,""
573,"8ad3d454f3496a35cb0d07b0fd32f687f66338b7d60e787fc0a22939e5d8833e",5,0,0,2255127455831505,5109813019894811,0,21902643146872253,9149251409452672,""
573,"8ad3d454f3496a35cb0d07b0fd32f687f66338b7d60e787fc0a22939e5d8833e",6,0,0,2172820107107020,5120159378305839,0,21902643146872253,9149251409452672,""
573,"8ad3d454f3496a35cb0d07b0fd32f687f66338b7d60e787fc0a22939e5d8833e",7,0,0,2950603375544582,5338678823627267,0,21902643146872253,9149251409452672,""
573,"8ad3d454f3496a35cb0d07b0fd32f687f66338b7d60e787fc0a22939e5d8833e",8,0,0,2340321879456595,5348416355647496,0,21902643146872253,9149251409452672,""
573,"8ad3d454f3496a35cb0d07b0fd32f687f66338b7d60e787fc0a22939e5d8833e",9,0,0,2280386153665290,5347796364825303,0,21902643146872253,9149251409452672,""
573,"8ad3d454f3496a35cb0d07b0fd32f687f66338b7d60e787fc0a22939e5d8833e",10,0,0,2221563825124499,5373055469918125,0,21902643146872253,9149251409452672,""
573,"8ad3d454f3496a35cb0d07b0fd32f687f66338b7d60e787fc0a22939e5d8833e",11,0,0,2664885088468807,5373055469918125,0,21902643146872253,9149251409452672,""
573,"8ad3d454f3496a35cb0d07b0fd32f687f66338b7d60e787fc0a22939e5d8833e",12,0,0,2341112647646582,5372223321628575,0,21902643146872253,9149251409452672,""
573,"8ad3d454f3496a35cb0d07b0fd32f687f66338b7d60e787fc0a22939e5d8833e",13,0,0,2204889882382856,5113883931898686,0,21902643146872253,9149251409452672,""
573,"8ad3d454f3496a35cb0d07b0fd32f687f66338b7d60e787fc0a22939e5d8833e",14,0,0,2460659694855015,5366457794807616,0,21902643146872253,9149251409452672,""
573,"8ad3d454f3496a35cb0d07b0fd32f687f66338b7d60e787fc0a22939e5d8833e",15,0,0,2919478143537014,5373055469918125,0,21902643146872253,9149251409452672,""
573,"8ad3d454f3496a35cb0d07b0fd32f687f66338b7d60e787fc0a22939e5d8833e",16,0,0,1957665909186011,4960158763604776,0,21902643146872253,9149251409452672,""
573,"8ad3d454f3496a35cb0d07b0fd32f687f66338b7d60e787fc0a22939e5d8833e",17,0,0,1991676337433689,5372658800994683,0,21902643146872253,9149251409452672,""
573,"8ad3d454f3496a35cb0d07b0fd32f687f66338b7d60e787fc0a22939e5d8833e",18,0,0,2297589624128728,5120159378305839,0,21902643146872253,9149251409452672,""
573,"8ad3d454f3496a35cb0d07b0fd32f687f66338b7d60e787fc0a22939e5d8833e",19,0,0,1724376147167589,5344213624309282,0,21902643146872253,9149251409452672,""
573,"8ad3d454f3496a35cb0d07b0fd32f687f66338b7d60e787fc0a22939e5d8833e",20,0,0,2452134868343499,5329703307525505,0,21902643146872253,9149251409452672,""
573,"8ad3d454f3496a35cb0d07b0fd32f687f66338b7d60e787fc0a22939e5d8833e",21,0,0,2592242284675623,5322128537093718,0,21902643146872253,9149251409452672,""
573,"8ad3d454f3496a35cb0d07b0fd32f687f66338b7d60e787fc0a22939e5d8833e",22,0,0,2239770587200329,5373055374550548,0,21902643146872253,9149251409452672,""
573,"8ad3d454f3496a35cb0d07b0fd32f687f66338b7d60e787fc0a22939e5d8833e",23,0,0,3039075180801418,5369407092362446,0,21902643146872253,9149251409452672,""
573,"8ad3d454f3496a35cb0d07b0fd32f687f66338b7d60e787fc0a22939e5d8833e",24,0,0,2377949171537073,5364950249794255,0,21902643146872253,9149251409452672,""
573,"8ad3d454f3496a35cb0d07b0fd32f687f66338b7d60e787fc0a22939e5d8833e",25,0,0,2022625230046651,5364950249794255,0,21902643146872253,9149251409452672,""
573,"8ad3d454f3496a35cb0d07b0fd32f687f66338b7d60e787fc0a22939e5d8833e",26,0,0,2574829029237871,5301886085830624,0,21902643146872253,9149251409452672,""
573,"8ad3d454f3496a35cb0d07b0fd32f687f66338b7d60e787fc0a22939e5d8833e",27,0,0,1730524091666332,5290443498211162,0,21902643146872253,9149251409452672,""
573,"8ad3d454f3496a35cb0d07b0fd32f687f66338b7d60e787fc0a22939e5d8833e",28,0,0,2474549728315888,5365852059084508,0,21902643146872253,9149251409452672,""
573,"8ad3d454f3496a35cb0d07b0fd32f687f66338b7d60e787fc0a22939e5d8833e",29,0,0,1753531706200332,5336133538739130,0,21902643146872253,9149251409452672,""
573,"8ad3d454f3496a35cb0d07b0fd32f687f66338b7d60e787fc0a22939e5d8833e",30,0,0,1934361096787974,5372115796912411,0,21902643146872253,9149251409452672,""
573,"8ad3d454f3496a35cb0d07b0fd32f687f66338b7d60e787fc0a22939e5d8833e",31,0,0,2605823628616708,5365463799966908,0,21902643146872253,9149251409452672,""
573,"8ad3d454f3496a35cb0d07b0fd32f687f66338b7d60e787fc0a22939e5d8833e",32,0,0,2819244623011077,5120121514590378,0,21902643146872253,9149251409452672,""
573,"8ad3d454f3496a35cb0d07b0fd32f687f66338b7d60e787fc0a22939e5d8833e",33,0,0,1866059732933665,5120159378305839,0,21902643146872253,9149251409452672,""
573,"8ad3d454f3496a35cb0d07b0fd32f687f66338b7d60e787fc0a22939e5d8833e",34,0,0,1950108105494792,5120159378305839,0,21902643146872253,9149251409452672,""
573,"8ad3d454f3496a35cb0d07b0fd32f687f66338b7d60e787fc0a22939e5d8833e",35,0,0,2401810792400777,5329703307525505,0,21902643146872253,9149251409452672,""
573,"8ad3d454f3496a35cb0d07b0fd32f687f66338b7d60e787fc0a22939e5d8833e",36,0,0,2290637010812340,5367650035515983,0,21902643146872253,9149251409452672,""
573,"2c7f900b7ff68f317a7b0e42231d4aed36227660baf2ee9a4be7e880eb977313",0,0,0,2075517950335689,5138754777873908,0,21902643146872253,9149251409452672,""
573,"9d213a57684d7ddf6f3350c80d042639ecbed5ccccc4a05bf54959a086593e7b",0,0,0,1871226657307155,4673110931728747,32369391625908,21902643146872253,9149106202990574,""
573,"495bd3cd44ea6bc0b4c2dbb1e4cdc7e214874c2c07490a4e2476a627ef911280",0,0,0,1122717294838982,5307963469259861,0,21902643146872253,9149106202990574,""
574,"47a0e7a4f9383b1afc2192b23b41824d65ac978d7741aca61fc1fa16833d1111",0,0,0,1522679900017012,5355450312723070,603149560783087,21899652138158468,9169378749774697,""
574,"3cf29192a0ee1a77985054072edcdb566ac14707730637c4635d8fb6813cb4c9",0,0,0,3370044882986261,5095564229128667,0,21899652138158468,9169378749774697,""
574,"8ad3d454f3496a35cb0d07b0fd32f687f66338b7d60e787fc0a22939e5d8833e",0,0,0,3976814149513934,5397744536801712,0,21899652138158468,9169378749774697,"Ratified"
574,"8ad3d454f3496a35cb0d07b0fd32f687f66338b7d60e787fc0a22939e5d8833e",1,0,0,3759538115826368,5085339952867027,0,21899652138158468,9169378749774697,"Ratified"
574,"8ad3d454f3496a35cb0d07b0fd32f687f66338b7d60e787fc0a22939e5d8833e",2,0,0,3855624891175784,5349208259010800,0,21899652138158468,9169378749774697,""
574,"8ad3d454f3496a35cb0d07b0fd32f687f66338b7d60e787fc0a22939e5d8833e",3,0,0,3217752302437353,5167506343921790,0,21899652138158468,9169378749774697,""
574,"8ad3d454f3496a35cb0d07b0fd32f687f66338b7d60e787fc0a22939e5d8833e",4,0,0,3559661771851326,5133182549906493,0,21899652138158468,9169378749774697,""
574,"8ad3d454f3496a35cb0d07b0fd32f687f66338b7d60e787fc0a22939e5d8833e",5,0,0,3498260295243978,5142744409217336,0,21899652138158468,9169378749774697,""
574,"8ad3d454f3496a35cb0d07b0fd32f687f66338b7d60e787fc0a22939e5d8833e",6,0,0,3416291911531449,5143141180477167,0,21899652138158468,9169378749774697,""
574,"8ad3d454f3496a35cb0d07b0fd32f687f66338b7d60e787fc0a22939e5d8833e",7,0,0,3726802947790752,5315267889167730,0,21899652138158468,9169378749774697,""
574,"8ad3d454f3496a35cb0d07b0fd32f687f66338b7d60e787fc0a22939e5d8833e",8,0,0,3477703318216763,5373172655289332,0,21899652138158468,9169378749774697,""
574,"8ad3d454f3496a35cb0d07b0fd32f687f66338b7d60e787fc0a22939e5d8833e",9,0,0,3361583804631157,5372289691926491,0,21899652138158468,9169378749774697,""
574,"8ad3d454f3496a35cb0d07b0fd32f687f66338b7d60e787fc0a22939e5d8833e",10,0,0,3361827654999377,5352969022915231,0,21899652138158468,9169378749774697,""
574,"8ad3d454f3496a35cb0d07b0fd32f687f66338b7d60e787fc0a22939e5d8833e",11,0,0,3403767433322007,5396287027620138,0,21899652138158468,9169378749774697,""
574,"8ad3d454f3496a35cb0d07b0fd32f687f66338b7d60e787fc0a22939e5d8833e",12,0,0,3471913854320234,5381741642396217,0,21899652138158468,9169378749774697,""
574,"8ad3d454f3496a35cb0d07b0fd32f687f66338b7d60e787fc0a22939e5d8833e",13,0,0,3350017198387778,5136161372311232,0,21899652138158468,9169378749774697,""
574,"8ad3d454f3496a35cb0d07b0fd32f687f66338b7d60e787fc0a22939e5d8833e",14,0,0,3219649577471905,5391000831334458,0,21899652138158468,9169378749774697,""
574,"8ad3d454f3496a35cb0d07b0fd32f687f66338b7d60e787fc0a22939e5d8833e",15,0,0,3467501690298852,5110760627237391,0,21899652138158468,9169378749774697,""
574,"8ad3d454f3496a35cb0d07b0fd32f687f66338b7d60e787fc0a22939e5d8833e",16,0,0,3013751223158960,4954748614354872,0,21899652138158468,9169378749774697,""
574,"8ad3d454f3496a35cb0d07b0fd32f687f66338b7d60e787fc0a22939e5d8833e",17,0,0,3192895354845743,5168885437377209,0,21899652138158468,9169378749774697,""
574,"8ad3d454f3496a35cb0d07b0fd32f687f66338b7d60e787fc0a22939e5d8833e",18,0,0,3420735234228859,5143141180477167,0,21899652138158468,9169378749774697,""
574,"8ad3d454f3496a35cb0d07b0fd32f687f66338b7d60e787fc0a22939e5d8833e",19,0,0,2746042554117604,5369482640112557,0,21899652138158468,9169378749774697,""
574,"8ad3d454f3496a35cb0d07b0fd32f687f66338b7d60e787fc0a22939e5d8833e",20,0,0,3545099766341366,5352483322128408,0,21899652138158468,9169378749774697,""
574,"8ad3d454f3496a35cb0d07b0fd32f687f66338b7d60e787fc0a22939e5d8833e",21,0,0,3231734649072857,5288520475498746,0,21899652138158468,9169378749774697,""
574,"8ad3d454f3496a35cb0d07b0fd32f687f66338b7d60e787fc0a22939e5d8833e",22,0,0,3021123777835154,5169389964193960,0,21899652138158468,9169378749774697,""
574,"8ad3d454f3496a35cb0d07b0fd32f687f66338b7d60e787fc0a22939e5d8833e",23,0,0,3781110355314983,5335975965445147,0,21899652138158468,9169378749774697,"Ratified"
574,"8ad3d454f3496a35cb0d07b0fd32f687f66338b7d60e787fc0a22939e5d8833e",24,0,0,3069339734173621,5331491579271315,0,21899652138158468,9169378749774697,""
574,"8ad3d454f3496a35cb0d07b0fd32f687f66338b7d60e787fc0a22939e5d8833e",25,0,0,2668199258187095,5388712472079015,0,21899652138158468,9169378749774697,""
574,"8ad3d454f3496a35cb0d07b0fd32f687f66338b7d60e787fc0a22939e5d8833e",26,0,0,2975499696907141,5098116589010787,0,21899652138158468,9169378749774697,""
574,"8ad3d454f3496a35cb0d07b0fd32f687f66338b7d60e787fc0a22939e5d8833e",27,0,0,2260239104213328,5314069211272630,0,21899652138158468,9169378749774697,""
574,"8ad3d454f3496a35cb0d07b0fd32f687f66338b7d60e787fc0a22939e5d8833e",28,0,0,2763059533351475,5157954692387778,0,21899652138158468,9169378749774697,""
574,"8ad3d454f3496a35cb0d07b0fd32f687f66338b7d60e787fc0a22939e5d8833e",29,0,0,2025051906553845,5130545186427915,0,21899652138158468,9169378749774697,""
574,"8ad3d454f3496a35cb0d07b0fd32f687f66338b7d60e787fc0a22939e5d8833e",30,0,0,2240808411665550,5161540878633755,0,21899652138158468,9169378749774697,""
574,"8ad3d454f3496a35cb0d07b0fd32f687f66338b7d60e787fc0a22939e5d8833e",31,0,0,3400288431092538,5389199040139233,0,21899652138158468,9169378749774697,""
574,"8ad3d454f3496a35cb0d07b0fd32f687f66338b7d60e787fc0a22939e5d8833e",32,0,0,3489342683509489,5084495526978471,0,21899652138158468,9169378749774697,""
574,"8ad3d454f3496a35cb0d07b0fd32f687f66338b7d60e787fc0a22939e5d8833e",33,0,0,3190475796039280,5142774078840322,0,21899652138158468,9169378749774697,""
574,"8ad3d454f3496a35cb0d07b0fd32f687f66338b7d60e787fc0a22939e5d8833e",34,0,0,3050746779218431,5143044745212939,0,21899652138158468,9169378749774697,""
574,"8ad3d454f3496a35cb0d07b0fd32f687f66338b7d60e787fc0a22939e5d8833e",35,0,0,2703852466912632,5124913989658097,0,21899652138158468,9169378749774697,""
574,"8ad3d454f3496a35cb0d07b0fd32f687f66338b7d60e787fc0a22939e5d8833e",36,0,0,3361333933290205,5391947355437272,0,21899652138158468,9169378749774697,""
574,"2c7f900b7ff68f317a7b0e42231d4aed36227660baf2ee9a4be7e880eb977313",0,0,0,3119654337255215,5161671923856491,0,21899652138158468,9169378749774697,""
574,"4ff43f1eab5252ef00ba6f1429dc23715e3899834f10c067e8065c8364d5559a",0,0,0,0,5397611871407326,0,21899652138158468,9169378749774697,""
574,"1d6aea56e6a523b13e03ae30ff24ebf9852543b4f7d415c7e50f55f6baaa4e3d",0,0,0,0,5385374692725511,0,21899652138158468,9169378749774697,""
574,"9d213a57684d7ddf6f3350c80d042639ecbed5ccccc4a05bf54959a086593e7b",0,0,0,2712542125775199,4742424024323712,64577424803688,21899652138158468,9169233533180306,"Expired"
574,"495bd3cd44ea6bc0b4c2dbb1e4cdc7e214874c2c07490a4e2476a627ef911280",0,0,0,1532009804780913,5242583547514420,0,21899652138158468,9169233533180306,""
575,"47a0e7a4f9383b1afc2192b23b41824d65ac978d7741aca61fc1fa16833d1111",0,0,0,1910906343966789,5419879828131260,823037134540524,21883034170304901,8655197755700094,""
575,"207b226e110e13bb18b119fcd313520e0fcd060b2bc9fb9a5e5bc6e94ab10f3b",0,0,0,587340533501821,5461562391028998,0,21883034170304901,8655342969242928,""
575,"3cf29192a0ee1a77985054072edcdb566ac14707730637c4635d8fb6813cb4c9",0,0,0,3775398093623165,5103295369839570,0,21883034170304901,8655342969242928,"Ratified"
575,"8ad3d454f3496a35cb0d07b0fd32f687f66338b7d60e787fc0a22939e5d8833e",2,0,0,4416966286231427,5357403927089716,0,21883034170304901,8655342969242928,"Ratified"
575,"8ad3d454f3496a35cb0d07b0fd32f687f66338b7d60e787fc0a22939e5d8833e",3,0,0,3912265888841845,5197196203132090,0,21883034170304901,8655342969242928,"Ratified"
575,"8ad3d454f3496a35cb0d07b0fd32f687f66338b7d60e787fc0a22939e5d8833e",4,0,0,4123036906004933,5162906361416174,0,21883034170304901,8655342969242928,"Ratified"
575,"8ad3d454f3496a35cb0d07b0fd32f687f66338b7d60e787fc0a22939e5d8833e",5,0,0,4127403552633882,5172053821234820,0,21883034170304901,8655342969242928,"Ratified"
575,"8ad3d454f3496a35cb0d07b0fd32f687f66338b7d60e787fc0a22939e5d8833e",6,0,0,4003971842886634,5172902431515795,0,21883034170304901,8655342969242928,"Ratified"
575,"8ad3d454f3496a35cb0d07b0fd32f687f66338b7d60e787fc0a22939e5d8833e",7,0,0,4294603991642365,5374930174964728,0,21883034170304901,8655342969242928,"Ratified"
575,"8ad3d454f3496a35cb0d07b0fd32f687f66338b7d60e787fc0a22939e5d8833e",8,0,0,3907563142337673,5180626194961904,0,21883034170304901,8655342969242928,"Ratified"
575,"8ad3d454f3496a35cb0d07b0fd32f687f66338b7d60e787fc0a22939e5d8833e",9,0,0,3857163095530159,5402769649828210,0,21883034170304901,8655342969242928,"Ratified"
575,"8ad3d454f3496a35cb0d07b0fd32f687f66338b7d60e787fc0a22939e5d8833e",10,0,0,3810524886012570,5382991700426815,0,21883034170304901,8655342969242928,"Ratified"
575,"8ad3d454f3496a35cb0d07b0fd32f687f66338b7d60e787fc0a22939e5d8833e",11,0,0,3832679897110835,5420570754465906,0,21883034170304901,8655342969242928,"Ratified"
575,"8ad3d454f3496a35cb0d07b0fd32f687f66338b7d60e787fc0a22939e5d8833e",12,0,0,3928605677216081,5185218341864534,0,21883034170304901,8655342969242928,"Ratified"
575,"8ad3d454f3496a35cb0d07b0fd32f687f66338b7d60e787fc0a22939e5d8833e",13,0,0,3778202977971926,5154843663656334,0,21883034170304901,8655342969242928,"Ratified"
575,"8ad3d454f3496a35cb0d07b0fd32f687f66338b7d60e787fc0a22939e5d8833e",14,0,0,3832063805651559,5403321040495483,0,21883034170304901,8655342969242928,"Ratified"
575,"8ad3d454f3496a35cb0d07b0fd32f687f66338b7d60e787fc0a22939e5d8833e",15,0,0,3873369982861603,5175319904764644,0,21883034170304901,8655342969242928,"Ratified"
575,"8ad3d454f3496a35cb0d07b0fd32f687f66338b7d60e787fc0a22939e5d8833e",16,0,0,3423583714435364,4984081986283288,0,21883034170304901,8655342969242928,"Ratified"
575,"8ad3d454f3496a35cb0d07b0fd32f687f66338b7d60e787fc0a22939e5d8833e",17,0,0,3547269592174858,5191976737247785,0,21883034170304901,8655342969242928,"Ratified"
575,"8ad3d454f3496a35cb0d07b0fd32f687f66338b7d60e787fc0a22939e5d8833e",18,0,0,3920516577717954,5156179957596031,0,21883034170304901,8655342969242928,"Ratified"
575,"8ad3d454f3496a35cb0d07b0fd32f687f66338b7d60e787fc0a22939e5d8833e",19,0,0,3055119828533400,5381168984582660,0,21883034170304901,8655342969242928,""
575,"8ad3d454f3496a35cb0d07b0fd32f687f66338b7d60e787fc0a22939e5d8833e",20,0,0,3918096412100857,5359273892187387,0,21883034170304901,8655342969242928,"Ratified"
575,"8ad3d454f3496a35cb0d07b0fd32f687f66338b7d60e787fc0a22939e5d8833e",21,0,0,3714491095291722,5312236926540639,0,21883034170304901,8655342969242928,"Ratified"
575,"8ad3d454f3496a35cb0d07b0fd32f687f66338b7d60e787fc0a22939e5d8833e",22,0,0,3119972850612263,4963786644052119,0,21883034170304901,8655342969242928,""
575,"8ad3d454f3496a35cb0d07b0fd32f687f66338b7d60e787fc0a22939e5d8833e",24,0,0,3871426832743001,5177996477547934,0,21883034170304901,8655342969242928,"Ratified"
575,"8ad3d454f3496a35cb0d07b0fd32f687f66338b7d60e787fc0a22939e5d8833e",25,0,0,3446238311948921,5382859589525379,0,21883034170304901,8655342969242928,""
575,"8ad3d454f3496a35cb0d07b0fd32f687f66338b7d60e787fc0a22939e5d8833e",26,0,0,3320151663680055,5114724951678600,0,21883034170304901,8655342969242928,""
575,"8ad3d454f3496a35cb0d07b0fd32f687f66338b7d60e787fc0a22939e5d8833e",27,0,0,2590498484381799,5313770712408765,0,21883034170304901,8655342969242928,""
575,"8ad3d454f3496a35cb0d07b0fd32f687f66338b7d60e787fc0a22939e5d8833e",28,0,0,2601613027204611,5185454100281281,0,21883034170304901,8655342969242928,""
575,"8ad3d454f3496a35cb0d07b0fd32f687f66338b7d60e787fc0a22939e5d8833e",29,0,0,2748765705060457,4943169588307724,0,21883034170304901,8655342969242928,""
575,"8ad3d454f3496a35cb0d07b0fd32f687f66338b7d60e787fc0a22939e5d8833e",30,0,0,2274199247476559,5001523033079388,0,21883034170304901,8655342969242928,""
575,"8ad3d454f3496a35cb0d07b0fd32f687f66338b7d60e787fc0a22939e5d8833e",31,0,0,3484769459532374,5185228899653967,0,21883034170304901,8655342969242928,"Ratified"
575,"8ad3d454f3496a35cb0d07b0fd32f687f66338b7d60e787fc0a22939e5d8833e",32,0,0,4069468700542672,5114141478729443,0,21883034170304901,8655342969242928,"Ratified"
575,"8ad3d454f3496a35cb0d07b0fd32f687f66338b7d60e787fc0a22939e5d8833e",33,0,0,3735352014196935,5172496720885462,0,21883034170304901,8655342969242928,"Ratified"
575,"8ad3d454f3496a35cb0d07b0fd32f687f66338b7d60e787fc0a22939e5d8833e",34,0,0,3651699727323656,5172761641417900,0,21883034170304901,8655342969242928,"Ratified"
575,"8ad3d454f3496a35cb0d07b0fd32f687f66338b7d60e787fc0a22939e5d8833e",35,0,0,3009374445820869,5102567191952262,0,21883034170304901,8655342969242928,""
575,"8ad3d454f3496a35cb0d07b0fd32f687f66338b7d60e787fc0a22939e5d8833e",36,0,0,3691428777058485,5188320656328003,0,21883034170304901,8655342969242928,"Ratified"
575,"2c7f900b7ff68f317a7b0e42231d4aed36227660baf2ee9a4be7e880eb977313",0,0,0,3634680882874267,5191364063759075,0,21883034170304901,8655342969242928,"Ratified"
575,"4ff43f1eab5252ef00ba6f1429dc23715e3899834f10c067e8065c8364d5559a",0,0,0,232733243115258,5462353007280717,0,21883034170304901,8655342969242928,""
575,"1d6aea56e6a523b13e03ae30ff24ebf9852543b4f7d415c7e50f55f6baaa4e3d",0,0,0,239272377518713,5447452348760119,0,21883034170304901,8655342969242928,""
575,"495bd3cd44ea6bc0b4c2dbb1e4cdc7e214874c2c07490a4e2476a627ef911280",0,0,0,1761345407267834,5251467710498215,0,21883034170304901,8655197755700094,""
576,"47a0e7a4f9383b1afc2192b23b41824d65ac978d7741aca61fc1fa16833d1111",0,0,0,2333018018424946,5488445587304850,1469209617018250,21898520121806599,8602021896689307,""
576,"207b226e110e13bb18b119fcd313520e0fcd060b2bc9fb9a5e5bc6e94ab10f3b",0,0,0,891546537715988,5497215191552081,0,21898520121806599,8657516562367467,""
576,"8ad3d454f3496a35cb0d07b0fd32f687f66338b7d60e787fc0a22939e5d8833e",19,0,0,3335652359801866,5421803669252913,0,21898520121806599,8657516562367467,""
576,"8ad3d454f3496a35cb0d07b0fd32f687f66338b7d60e787fc0a22939e5d8833e",22,0,0,3291334563680390,4954307423102508,0,21898520121806599,8657516562367467,""
576,"8ad3d454f3496a35cb0d07b0fd32f687f66338b7d60e787fc0a22939e5d8833e",25,0,0,3750995207248736,5383977980090268,0,21898520121806599,8657516562367467,"Ratified"
576,"8ad3d454f3496a35cb0d07b0fd32f687f66338b7d60e787fc0a22939e5d8833e",26,0,0,3606714616273518,5090100002035855,0,21898520121806599,8657516562367467,"Ratified"
576,"8ad3d454f3496a35cb0d07b0fd32f687f66338b7d60e787fc0a22939e5d8833e",27,0,0,2790222537659268,5357424419766677,0,21898520121806599,8657516562367467,""
576,"8ad3d454f3496a35cb0d07b0fd32f687f66338b7d60e787fc0a22939e5d8833e",28,0,0,2772957098167362,5249121463240430,0,21898520121806599,8657516562367467,""
576,"8ad3d454f3496a35cb0d07b0fd32f687f66338b7d60e787fc0a22939e5d8833e",29,0,0,3019287957697740,4992718692419197,0,21898520121806599,8657516562367467,""
576,"8ad3d454f3496a35cb0d07b0fd32f687f66338b7d60e787fc0a22939e5d8833e",30,0,0,2501986310365842,5024041883848562,0,21898520121806599,8657516562367467,""
576,"8ad3d454f3496a35cb0d07b0fd32f687f66338b7d60e787fc0a22939e5d8833e",35,0,0,3308694084153695,5162808436365805,0,21898520121806599,8657516562367467,""
576,"4ff43f1eab5252ef00ba6f1429dc23715e3899834f10c067e8065c8364d5559a",0,0,0,238644143385085,5434346659374378,0,21898520121806599,8657516562367467,""
576,"1d6aea56e6a523b13e03ae30ff24ebf9852543b4f7d415c7e50f55f6baaa4e3d",0,0,0,244885464663609,5419076623690110,0,21898520121806599,8657516562367467,""
576,"495bd3cd44ea6bc0b4c2dbb1e4cdc7e214874c2c07490a4e2476a627ef911280",0,0,0,2140276882617386,5223000173220327,1708960218252,21898520121806599,8657371416951736,"Expired"
577,"47a0e7a4f9383b1afc2192b23b41824d65ac978d7741aca61fc1fa16833d1111",0,0,0,2682412705261753,5510422842417500,3031445075595025,21858467223311737,8107592759146227,""
577,"207b226e110e13bb18b119fcd313520e0fcd060b2bc9fb9a5e5bc6e94ab10f3b",0,0,0,1106995645005607,5534237942007336,0,21858467223311737,8629735057626894,""
577,"8ad3d454f3496a35cb0d07b0fd32f687f66338b7d60e787fc0a22939e5d8833e",19,0,0,4121486232014310,5454277855060034,0,21858467223311737,8629735057626894,"Ratified"
577,"8ad3d454f3496a35cb0d07b0fd32f687f66338b7d60e787fc0a22939e5d8833e",22,0,0,3768126103259465,4902311366598438,0,21858467223311737,8629735057626894,"Ratified"
577,"8ad3d454f3496a35cb0d07b0fd32f687f66338b7d60e787fc0a22939e5d8833e",27,0,0,3061734220372061,5340521453222162,0,21858467223311737,8629735057626894,"Expired"
577,"8ad3d454f3496a35cb0d07b0fd32f687f66338b7d60e787fc0a22939e5d8833e",28,0,0,3622367743537839,5376365204896751,0,21858467223311737,8629735057626894,"Ratified"
577,"8ad3d454f3496a35cb0d07b0fd32f687f66338b7d60e787fc0a22939e5d8833e",29,0,0,3518969497006012,5056306503031694,0,21858467223311737,8629735057626894,"Ratified"
577,"8ad3d454f3496a35cb0d07b0fd32f687f66338b7d60e787fc0a22939e5d8833e",30,0,0,2537505679517741,4812143941001326,0,21858467223311737,8629735057626894,"Expired"
577,"8ad3d454f3496a35cb0d07b0fd32f687f66338b7d60e787fc0a22939e5d8833e",35,0,0,3754783032289090,5247871976374833,0,21858467223311737,8629735057626894,"Ratified"
577,"4ff43f1eab5252ef00ba6f1429dc23715e3899834f10c067e8065c8364d5559a",0,0,0,261277079436170,5469814555937603,0,21858467223311737,8629735057626894,""
577,"1d6aea56e6a523b13e03ae30ff24ebf9852543b4f7d415c7e50f55f6baaa4e3d",0,0,0,267466051483743,5451787696331432,0,21858467223311737,8629735057626894,""
578,"47a0e7a4f9383b1afc2192b23b41824d65ac978d7741aca61fc1fa16833d1111",0,0,0,3783698742639087,5467248557902498,5769124897402327,21898491706924883,7016924593210137,""
578,"207b226e110e13bb18b119fcd313520e0fcd060b2bc9fb9a5e5bc6e94ab10f3b",0,0,0,1317414239808059,5378895687451966,0,21898491706924883,8730444964949677,""
578,"4ff43f1eab5252ef00ba6f1429dc23715e3899834f10c067e8065c8364d5559a",0,0,0,283465668096925,5308266884031332,0,21898491706924883,8730444964949677,""
578,"1d6aea56e6a523b13e03ae30ff24ebf9852543b4f7d415c7e50f55f6baaa4e3d",0,0,0,289598121814518,5284060099886289,0,21898491706924883,8730444964949677,""
579,"47a0e7a4f9383b1afc2192b23b41824d65ac978d7741aca61fc1fa16833d1111",0,0,0,4276903074326165,5469901625021595,7990877286158137,21887250568893730,7009748575787769,""
579,"207b226e110e13bb18b119fcd313520e0fcd060b2bc9fb9a5e5bc6e94ab10f3b",0,0,0,1455932491226218,5398688236617873,0,21887250568893730,8534641004121327,""
579,"4ff43f1eab5252ef00ba6f1429dc23715e3899834f10c067e8065c8364d5559a",0,0,0,278788177625420,5338286961918343,0,21887250568893730,8534641004121327,""
579,"1d6aea56e6a523b13e03ae30ff24ebf9852543b4f7d415c7e50f55f6baaa4e3d",0,0,0,284901668882919,5315937804582841,0,21887250568893730,8534641004121327,""
580,"47a0e7a4f9383b1afc2192b23b41824d65ac978d7741aca61fc1fa16833d1111",0,0,0,4314868062161205,5487070262759840,9028434771226062,21887305805085033,7137312985784179,"Ratified"
580,"207b226e110e13bb18b119fcd313520e0fcd060b2bc9fb9a5e5bc6e94ab10f3b",0,0,0,1592754863846603,5329063523552467,0,21887305805085033,9270437262877299,""
580,"4ff43f1eab5252ef00ba6f1429dc23715e3899834f10c067e8065c8364d5559a",0,0,0,283323530962851,5123008226228188,0,21887305805085033,9270437262877299,"Expired"
580,"1d6aea56e6a523b13e03ae30ff24ebf9852543b4f7d415c7e50f55f6baaa4e3d",0,0,0,288470782004384,5100821172287857,0,21887305805085033,9270437262877299,"Expired"
580,"89e3a4f09122d669d6f6c82dd894e02826e8497be7eb036233bafc0ee4fc6665",0,0,0,24425871962209,5604117478289012,0,21887305805085033,9270437262877299,""
581,"207b226e110e13bb18b119fcd313520e0fcd060b2bc9fb9a5e5bc6e94ab10f3b",0,0,0,2467713181494037,4429276641116348,0,21933076973704571,9536216710187011,"Expired"
581,"89e3a4f09122d669d6f6c82dd894e02826e8497be7eb036233bafc0ee4fc6665",0,0,0,82650816458107,5617646058633384,0,21933076973704571,9536216710187011,""
581,"90cf51975f9c19c291bac3e57364a89507e64daa0a2d35e356f87e6684821556",0,0,0,1062403925137634,5664453761134182,0,21933076973704571,9536216710187011,""
582,"89e3a4f09122d669d6f6c82dd894e02826e8497be7eb036233bafc0ee4fc6665",0,0,0,59595723026754,5555379199080684,0,21822569474536029,9525421203150856,""
582,"90cf51975f9c19c291bac3e57364a89507e64daa0a2d35e356f87e6684821556",0,0,0,1319193039839382,5581593890316024,1299054175219,21822569474536029,9525421203150856,""
583,"89e3a4f09122d669d6f6c82dd894e02826e8497be7eb036233bafc0ee4fc6665",0,0,0,141174395961060,5402044917404984,0,21798591155204639,9535185083756609,""
583,"90cf51975f9c19c291bac3e57364a89507e64daa0a2d35e356f87e6684821556",0,0,0,1936662303028845,5406216115479581,2976307001835,21798591155204639,9535185083756609,""
583,"e5643c33f608642e329228a968770e5b19ef5f48ff1f698712e2ce864a49e3f0",0,0,0,2441097156225,5615495607503327,4497397786084,21798591155204639,9535185083756609,""
584,"89e3a4f09122d669d6f6c82dd894e02826e8497be7eb036233bafc0ee4fc6665",0,0,0,147248865318740,5374390484043555,0,21809068736065718,9593526465604413,""
584,"90cf51975f9c19c291bac3e57364a89507e64daa0a2d35e356f87e6684821556",0,0,0,3005824041839536,5432686247869046,2947039629403,21809068736065718,9593526465604413,""
584,"e5643c33f608642e329228a968770e5b19ef5f48ff1f698712e2ce864a49e3f0",0,0,0,729113165207565,5641333546545503,4489989267687,21809068736065718,9593526465604413,""
584,"996edfe370b8e51be73541e75499a818461305e37c7fa0c1b193f2c587167cc7",0,0,0,29108899616682,5635833243308699,0,21809068736065718,9593526465604413,""
585,"d2db60c5307cb517c735e2d0138d2b6f10fc5b221d610fa187719bdc82af9a03",0,0,0,619847869658692,5668659911577327,0,21733332915137046,9542075473219864,""
585,"89e3a4f09122d669d6f6c82dd894e02826e8497be7eb036233bafc0ee4fc6665",0,0,0,382128711425351,5393966142898594,571924781921,21733332915137046,9542075473219864,""
585,"90cf51975f9c19c291bac3e57364a89507e64daa0a2d35e356f87e6684821556",0,0,0,3294136399769365,5459753048241459,3491957278264,21733332915137046,9542075473219864,""
585,"e5643c33f608642e329228a968770e5b19ef5f48ff1f698712e2ce864a49e3f0",0,0,0,1392831121644590,5667738182292646,23072348405280,21733332915137046,9542075473219864,""
585,"996edfe370b8e51be73541e75499a818461305e37c7fa0c1b193f2c587167cc7",0,0,0,563629846307990,5594446967148394,0,21733332915137046,9542647398001785,""
586,"d2db60c5307cb517c735e2d0138d2b6f10fc5b221d610fa187719bdc82af9a03",0,0,0,728037023553956,5542193514019023,0,21741530576696239,9533719051413526,""
586,"89e3a4f09122d669d6f6c82dd894e02826e8497be7eb036233bafc0ee4fc6665",0,0,0,439173346072264,4173167077944714,543090286247,21741530576696239,9533719051413526,"Expired"
586,"90cf51975f9c19c291bac3e57364a89507e64daa0a2d35e356f87e6684821556",0,0,0,3436915424798584,5396767709960155,3470947094148,21741530576696239,9533719051413526,""
586,"e5643c33f608642e329228a968770e5b19ef5f48ff1f698712e2ce864a49e3f0",0,0,0,1550874371597934,5494162309129597,23099041943216,21741530576696239,9533719051413526,""
586,"996edfe370b8e51be73541e75499a818461305e37c7fa0c1b193f2c587167cc7",0,0,0,583549289710990,5354476801187998,0,21741530576696239,9534262141699773,""
587,"c882f194684d672316212f01efc6d28177e8965b7cd6956981fe37cc6715961e",0,0,0,44708120650648,5641864838676653,0,21752423558942310,9546205956704010,""
587,"d2db60c5307cb517c735e2d0138d2b6f10fc5b221d610fa187719bdc82af9a03",0,0,0,806456923118195,5498182175959541,0,21752423558942310,9546205956704010,""
587,"90cf51975f9c19c291bac3e57364a89507e64daa0a2d35e356f87e6684821556",0,0,0,3489046253331391,5359945918707386,3426851643525,21752423558942310,9546205956704010,"Expired"
587,"e5643c33f608642e329228a968770e5b19ef5f48ff1f698712e2ce864a49e3f0",0,0,0,1637435952390890,5453613131402835,23159658666324,21752423558942310,9546205956704010,""
587,"996edfe370b8e51be73541e75499a818461305e37c7fa0c1b193f2c587167cc7",0,0,0,650298076059050,5312556327040786,0,21752423558942310,9546734066108474,""
588,"c882f194684d672316212f01efc6d28177e8965b7cd6956981fe37cc6715961e",0,0,0,669595480215187,5622198873972242,0,21766693850806113,9559993015637271,""
588,"d2db60c5307cb517c735e2d0138d2b6f10fc5b221d610fa187719bdc82af9a03",0,0,0,975484456580242,5478356219326291,0,21766693850806113,9559993015637271,""
588,"e5643c33f608642e329228a968770e5b19ef5f48ff1f698712e2ce864a49e3f0",0,0,0,2700307852779462,5433931773755141,23177289106609,21766693850806113,9559993015637271,""
588,"996edfe370b8e51be73541e75499a818461305e37c7fa0c1b193f2c587167cc7",0,0,0,673992409550381,5280920446813845,0,21766693850806113,9560461453385331,""
589,"c882f194684d672316212f01efc6d28177e8965b7cd6956981fe37cc6715961e",0,0,0,1273005115640480,5613408141456545,0,21834689199208843,9674251806520496,""
589,"d2db60c5307cb517c735e2d0138d2b6f10fc5b221d610fa187719bdc82af9a03",0,0,0,1228668039448810,5436085529713366,0,21834689199208843,9674251806520496,""
589,"e5643c33f608642e329228a968770e5b19ef5f48ff1f698712e2ce864a49e3f0",0,0,0,3906108205111709,5298188918356524,28817874054907,21834689199208843,9674728685826664,"Expired"
589,"996edfe370b8e51be73541e75499a818461305e37c7fa0c1b193f2c587167cc7",0,0,0,980207636895357,4986944432643515,0,21834689199208843,9674728685826664,""
590,"c882f194684d672316212f01efc6d28177e8965b7cd6956981fe37cc6715961e",0,0,0,1498957262215294,5615993125292719,0,21737504837933660,9592662729645800,""
590,"d2db60c5307cb517c735e2d0138d2b6f10fc5b221d610fa187719bdc82af9a03",0,0,0,1232530735282287,5416984295230083,0,21737504837933660,9592662729645800,""
590,"996edfe370b8e51be73541e75499a818461305e37c7fa0c1b193f2c587167cc7",0,0,0,997278290857122,3803983064712419,0,21737504837933660,9593127791245850,"Expired"
590,"d2745225498d1c56c0f01be9971074a49144d625df0e73a86c51689624fbadb0",0,0,0,0,5620401728128891,0,21737504837933660,9592662729645800,""
591,"c882f194684d672316212f01efc6d28177e8965b7cd6956981fe37cc6715961e",0,0,0,2147008300512194,5553790254465085,0,21768654434483376,9627627958245677,""
591,"d2db60c5307cb517c735e2d0138d2b6f10fc5b221d610fa187719bdc82af9a03",0,0,0,2792340522934316,4983460196948024,0,21768654434483376,9627627958245677,"Expired"
591,"03f671791fd97011f30e4d6b76c9a91f4f6bcfb60ee37e5399b9545bb3f2757a",0,0,0,977885415528612,5542605088172665,0,21768654434483376,9627627958245677,""
591,"d2745225498d1c56c0f01be9971074a49144d625df0e73a86c51689624fbadb0",0,0,0,95074583335112,5424888206900341,10591958544984,21768654434483376,9627627958245677,""
591,"a36eafaea085b77f97cceacf07fe9450f8c6b47fec3af94da8f7d158a1fc9722",0,0,0,1337327635533367,5478150788575907,465257881067,21768654434483376,9627627958245677,""
591,"3285b7fd0da16d21e0b8f8910c37f77e17a57cfff8f513df4baf692954801088",0,0,0,720189932436213,5567810529715578,10591958544984,21768654434483376,9627627958245677,""
592,"c882f194684d672316212f01efc6d28177e8965b7cd6956981fe37cc6715961e",0,0,0,3318629969936234,5567327583190065,0,21884832047703240,9813606966194021,""
592,"03f671791fd97011f30e4d6b76c9a91f4f6bcfb60ee37e5399b9545bb3f2757a",0,0,0,1587430464555770,5530520930175241,0,21884832047703240,9813606966194021,""
592,"d2745225498d1c56c0f01be9971074a49144d625df0e73a86c51689624fbadb0",0,0,0,102725537596743,5321515061204556,10552211545675,21884832047703240,9813606966194021,""
592,"a36eafaea085b77f97cceacf07fe9450f8c6b47fec3af94da8f7d158a1fc9722",0,0,0,1884395050380775,5577453310125754,390290016808,21884832047703240,9813606966194021,""
592,"3285b7fd0da16d21e0b8f8910c37f77e17a57cfff8f513df4baf692954801088",0,0,0,1393046078289413,5546315884356893,10552211545675,21884832047703240,9813606966194021,""
593,"c882f194684d672316212f01efc6d28177e8965b7cd6956981fe37cc6715961e",0,0,0,3590875740729765,5536939105999592,0,21796943431606323,9751449890875574,"Expired"
593,"03f671791fd97011f30e4d6b76c9a91f4f6bcfb60ee37e5399b9545bb3f2757a",0,0,0,1751875461447845,5365293020580916,0,21796943431606323,9751449890875574,""
593,"d2745225498d1c56c0f01be9971074a49144d625df0e73a86c51689624fbadb0",0,0,0,111926925964834,5175509655442663,10523398224385,21796943431606323,9751449890875574,""
593,"a36eafaea085b77f97cceacf07fe9450f8c6b47fec3af94da8f7d158a1fc9722",0,0,0,2102229830122869,5556439782905444,1434262290085,21796943431606323,9751449890875574,""
593,"3285b7fd0da16d21e0b8f8910c37f77e17a57cfff8f513df4baf692954801088",0,0,0,1702108612130016,5409933476780093,11570772850354,21796943431606323,9751449890875574,""
594,"03f671791fd97011f30e4d6b76c9a91f4f6bcfb60ee37e5399b9545bb3f2757a",0,0,0,2996220256479826,5333346147276664,0,21775351520898840,9734253809857976,""
594,"d2745225498d1c56c0f01be9971074a49144d625df0e73a86c51689624fbadb0",0,0,0,720786528095356,4902958103086591,10790015487470,21775351520898840,9734253809857976,""
594,"a36eafaea085b77f97cceacf07fe9450f8c6b47fec3af94da8f7d158a1fc9722",0,0,0,2556601854507980,5434056869269853,1665412654386,21775351520898840,9734253809857976,""
594,"3285b7fd0da16d21e0b8f8910c37f77e17a57cfff8f513df4baf692954801088",0,0,0,2176565938391345,5272770408064898,11837720887188,21775351520898840,9734253809857976,""
595,"03f671791fd97011f30e4d6b76c9a91f4f6bcfb60ee37e5399b9545bb3f2757a",0,0,0,3069622003048283,5313673022637165,0,21773669871355612,9701367724310594,""
595,"d2745225498d1c56c0f01be9971074a49144d625df0e73a86c51689624fbadb0",0,0,0,769136611588740,4895783950425507,10739729093250,21773669871355612,10151144923463961,""
595,"a36eafaea085b77f97cceacf07fe9450f8c6b47fec3af94da8f7d158a1fc9722",0,0,0,2849065022212449,5425931393050078,451122719933812,21773669871355612,9701367724310594,""
595,"3285b7fd0da16d21e0b8f8910c37f77e17a57cfff8f513df4baf692954801088",0,0,0,2472467599813510,5264806112256103,461242156238617,21773669871355612,9701367724310594,""
596,"03f671791fd97011f30e4d6b76c9a91f4f6bcfb60ee37e5399b9545bb3f2757a",0,0,0,3707826229596634,5297419588987746,0,21430786660512638,9416342373596949,""
596,"d2745225498d1c56c0f01be9971074a49144d625df0e73a86c51689624fbadb0",0,0,0,826330181712656,3889108198451807,10764116819995,21430786660512638,9864705229954073,"Expired"
596,"a36eafaea085b77f97cceacf07fe9450f8c6b47fec3af94da8f7d158a1fc9722",0,0,0,2962579571261324,5416459447624439,449319685919439,21430786660512638,9416342373596949,""
596,"3285b7fd0da16d21e0b8f8910c37f77e17a57cfff8f513df4baf692954801088",0,0,0,2602926727469974,5263328862055256,459852481631592,21430786660512638,9416342373596949,""
597,"03f671791fd97011f30e4d6b76c9a91f4f6bcfb60ee37e5399b9545bb3f2757a",0,0,0,3967460411346290,5176724711379867,0,21343408608377632,9384088226648318,"Ratified"
597,"a36eafaea085b77f97cceacf07fe9450f8c6b47fec3af94da8f7d158a1fc9722",0,0,0,3987538581392175,5349892993413974,449437443887555,21343408608377632,9384088226648318,"Expired"
597,"3285b7fd0da16d21e0b8f8910c37f77e17a57cfff8f513df4baf692954801088",0,0,0,3564770421347104,5178763295799767,459968261789354,21343408608377632,9384088226648318,"Expired"
598,"8f54d021c6e6fcdd5a4908f10a7b092fa31cd94db2e809f2e06d7ffa4d78773d",0,0,0,3075745180760049,5532387136297143,332627771926267,21480647664888182,9612835407026548,""
598,"d16dffbae9d86a73cb343506e6712d79c278096dc25e8ba6900eb24522726bba",0,0,0,195326966868990,5563285407731461,0,21480647664888182,9612835407026548,""
599,"8f54d021c6e6fcdd5a4908f10a7b092fa31cd94db2e809f2e06d7ffa4d78773d",0,0,0,4157473616633736,5550092078098188,397186083195759,21398646571510616,9978132850773231,""
599,"d16dffbae9d86a73cb343506e6712d79c278096dc25e8ba6900eb24522726bba",0,0,0,3259803790551300,5583406314423713,2161497632490,21398646571510616,9978132850773231,""
600,"4dab331457b61b824bbc6ba4b9d9be4750e25c0b5dd42207aeb63c7431a6b704",0,0,0,2797505853434310,5570551974884969,2489453027915999,21341797816188452,9440809270943937,""
600,"f8393f1ff814d3d52336a97712361fed933d9ef9e8d0909e1d31536a549fd22f",0,0,0,2137730108751688,5556646050838882,0,21341797816188452,10019784953341399,""
600,"8f54d021c6e6fcdd5a4908f10a7b092fa31cd94db2e809f2e06d7ffa4d78773d",0,0,0,4243578047187475,5512905854554962,596299990329941,21341797816188452,10020608317672014,""
600,"d16dffbae9d86a73cb343506e6712d79c278096dc25e8ba6900eb24522726bba",0,0,0,3956432090518607,5570551974884969,128754334036898,21341797816188452,10019784953341399,""
601,"4dab331457b61b824bbc6ba4b9d9be4750e25c0b5dd42207aeb63c7431a6b704",0,0,0,4511800605272887,5613202276883761,6379060419221067,21452065514021817,9146762321499905,"Ratified"
601,"eb8ef28ca80dbd9ced6f577f013bdfc64897d1f4e326beb37a50fb6b62c38ccd",0,0,0,421175754704,5613563329060017,72918946282492,21452065514021817,10079107038462322,""
601,"f8393f1ff814d3d52336a97712361fed933d9ef9e8d0909e1d31536a549fd22f",0,0,0,3494826828864874,5596240137049915,0,21452065514021817,10079107038462322,""
601,"8f54d021c6e6fcdd5a4908f10a7b092fa31cd94db2e809f2e06d7ffa4d78773d",0,0,0,4626550658394243,5552981121126139,730475492919255,21452065514021817,10065652043959702,""
601,"d16dffbae9d86a73cb343506e6712d79c278096dc25e8ba6900eb24522726bba",0,0,0,4571202687869151,5613623452638465,214490304895440,21452065514021817,10064819131400488,""
602,"eb8ef28ca80dbd9ced6f577f013bdfc64897d1f4e326beb37a50fb6b62c38ccd",0,0,0,1383685025494609,5557915479194451,1588446337712097,21475804604420372,10136919931645794,""
602,"91a79f5c934b7c91e3027736d565080c2b6611fb8484b1156fdf16121fcfb410",0,0,0,1008271585603265,5601334987337095,0,21475804604420372,10142190600672631,""
602,"f8393f1ff814d3d52336a97712361fed933d9ef9e8d0909e1d31536a549fd22f",0,0,0,4606274030089105,5599056417504317,0,21475804604420372,10142190600672631,""
602,"8f54d021c6e6fcdd5a4908f10a7b092fa31cd94db2e809f2e06d7ffa4d78773d",0,0,0,4730300527467197,5562492754497923,1242739710709446,21475804604420372,10128702740328248,""
602,"d16dffbae9d86a73cb343506e6712d79c278096dc25e8ba6900eb24522726bba",0,0,0,4695738572742937,5622393558529298,722104044658258,21475804604420372,10127869672865265,""
602,"3a5be93bafd26d0dbb9bfe19f4acecaa38cef75e50201d19199e6cc856db6601",0,0,0,1137846737068080,5621428829534964,509027683022920,21475804604420372,10142987415156329,""
603,"eb8ef28ca80dbd9ced6f577f013bdfc64897d1f4e326beb37a50fb6b62c38ccd",0,0,0,1452225343174646,5630576821437057,1600904480198941,21381392173008964,10110156422850293,""
603,"91a79f5c934b7c91e3027736d565080c2b6611fb8484b1156fdf16121fcfb410",0,0,0,1155044024297659,5616735632324241,0,21381392173008964,10049460500804615,""
603,"f8393f1ff814d3d52336a97712361fed933d9ef9e8d0909e1d31536a549fd22f",0,0,0,4654031074183240,5615508216928643,0,21381392173008964,10049460500804615,""
603,"8f54d021c6e6fcdd5a4908f10a7b092fa31cd94db2e809f2e06d7ffa4d78773d",0,0,0,4761233212566229,5578199648393326,1252211189383638,21381392173008964,10034634269749999,""
603,"d16dffbae9d86a73cb343506e6712d79c278096dc25e8ba6900eb24522726bba",0,0,0,4730854639141089,5637954398384425,729975972967415,21381392173008964,10033785820704193,""
603,"3a5be93bafd26d0dbb9bfe19f4acecaa38cef75e50201d19199e6cc856db6601",0,0,0,1429315276053872,5625949533164823,514885372935431,21381392173008964,10050257686011872,""
604,"eb8ef28ca80dbd9ced6f577f013bdfc64897d1f4e326beb37a50fb6b62c38ccd",0,0,0,1544802105739308,5630104486376230,1737205429625522,21393958962888843,10154102332621056,""
604,"91a79f5c934b7c91e3027736d565080c2b6611fb8484b1156fdf16121fcfb410",0,0,0,1287100209836247,5623053408449218,0,21393958962888843,10093828074659983,""
604,"f8393f1ff814d3d52336a97712361fed933d9ef9e8d0909e1d31536a549fd22f",0,0,0,4728565214161623,5628820611586188,0,21393958962888843,10093828074659983,""
604,"8f54d021c6e6fcdd5a4908f10a7b092fa31cd94db2e809f2e06d7ffa4d78773d",0,0,0,4800006048175099,5591384616947237,1255163798774296,21393958962888843,10079981897624492,"Expired"
604,"d16dffbae9d86a73cb343506e6712d79c278096dc25e8ba6900eb24522726bba",0,0,0,4848244737934185,5642145845739748,789006417083317,21393958962888843,10078563508700307,"Expired"
604,"3a5be93bafd26d0dbb9bfe19f4acecaa38cef75e50201d19199e6cc856db6601",0,0,0,1508024682194834,5629610524651672,574868744183315,21393958962888843,10094625559867240,""
604,"a633504ddc47a852c4ae033c750597d011a3daf00a0f6bbd48de4c52ef1022dc",0,0,0,32567853257465,5642180230694908,0,21393958962888843,10093828074659983,""
605,"eb8ef28ca80dbd9ced6f577f013bdfc64897d1f4e326beb37a50fb6b62c38ccd",0,0,0,1655651849711981,5635337206370923,1939861974639140,21385829421986636,10155285013271740,""
605,"91a79f5c934b7c91e3027736d565080c2b6611fb8484b1156fdf16121fcfb410",0,0,0,1510924866787237,5628770470647142,0,21385829421986636,10095104724913662,""
605,"f8393f1ff814d3d52336a97712361fed933d9ef9e8d0909e1d31536a549fd22f",0,0,0,4746755676557955,5637392147126666,0,21385829421986636,10095104724913662,"Ratified"
605,"3a5be93bafd26d0dbb9bfe19f4acecaa38cef75e50201d19199e6cc856db6601",0,0,0,1568487981801776,5609891665524277,692335379164349,21385829421986636,10095902205281166,""
605,"a633504ddc47a852c4ae033c750597d011a3daf00a0f6bbd48de4c52ef1022dc",0,0,0,56336316932249,5594894141651550,0,21385829421986636,10095104724913662,""
606,"eb8ef28ca80dbd9ced6f577f013bdfc64897d1f4e326beb37a50fb6b62c38ccd",0,0,0,1788678598040556,5631308606445069,2033943971402341,21405491557393012,10175023277735824,""
606,"91a79f5c934b7c91e3027736d565080c2b6611fb8484b1156fdf16121fcfb410",0,0,0,2766433207433213,5635160502698219,0,21405491557393012,10114554280999149,""
606,"3a5be93bafd26d0dbb9bfe19f4acecaa38cef75e50201d19199e6cc856db6601",0,0,0,1738075949800105,5575467737408529,694843067428963,21405491557393012,10115366150072788,""
606,"a633504ddc47a852c4ae033c750597d011a3daf00a0f6bbd48de4c52ef1022dc",0,0,0,66342495938759,5544504746583896,2451840388736,21405491557393012,10114554280999149,""
606,"dc4c679c8cf1cec49817d4d2c1c96cd802ec8a047a11dc0b0bb125b5af0a76cd",0,0,0,0,5656030663771864,0,21405491557393012,10114554280999149,""
607,"eb8ef28ca80dbd9ced6f577f013bdfc64897d1f4e326beb37a50fb6b62c38ccd",0,0,0,2877889846834697,5336440746111394,2222366312972494,21453577819651593,10218293877136094,"Expired"
607,"91a79f5c934b7c91e3027736d565080c2b6611fb8484b1156fdf16121fcfb410",0,0,0,3763829541672479,5636325823573206,0,21453577819651593,10157563965122742,""
607,"c21b00f90f18fce4003edf42b0b0d455126e01c946e80cc5341a9f9750caf795",0,0,0,38691867910718,5677570979177104,0,21453577819651593,10157563965122742,""
607,"3a5be93bafd26d0dbb9bfe19f4acecaa38cef75e50201d19199e6cc856db6601",0,0,0,3339118503232430,5571279239133328,734222320094120,21453577819651593,10158376391877378,""
607,"a633504ddc47a852c4ae033c750597d011a3daf00a0f6bbd48de4c52ef1022dc",0,0,0,304679922518631,5469471905668796,2455730387529,21453577819651593,10692770026610450,""
607,"dc4c679c8cf1cec49817d4d2c1c96cd802ec8a047a11dc0b0bb125b5af0a76cd",0,0,0,2035782832035622,5669748881013627,592297629002891,21453577819651593,10157563965122742,""
607,"8845bfc37bb2f69e8f200fe28148b3dea3c4399b0c49ee0ed2bb4e349cab9eb7",0,0,0,1065525644223454,5677317267734694,588698968506219,21453577819651593,10157563965122742,""
608,"91a79f5c934b7c91e3027736d565080c2b6611fb8484b1156fdf16121fcfb410",0,0,0,4494782519335757,5629043837937453,0,21514724128616719,10223579453540417,"Ratified"
608,"c21b00f90f18fce4003edf42b0b0d455126e01c946e80cc5341a9f9750caf795",0,0,0,1008694226505192,5685835676000272,461961807263601,21514724128616719,10202355932600606,""
608,"4b10e5793208cb8f228756e02113227c91602248eac4d992681a0ee760b6c4e2",0,0,0,844393826886471,5662050698947109,0,21514724128616719,10223579453540417,""
608,"3a5be93bafd26d0dbb9bfe19f4acecaa38cef75e50201d19199e6cc856db6601",0,0,0,3766663816167367,5555581700363198,1075047796685991,21514724128616719,10223579453540417,"Expired"
608,"a633504ddc47a852c4ae033c750597d011a3daf00a0f6bbd48de4c52ef1022dc",0,0,0,305062371693548,5447011540612214,2458533048579,21514724128616719,10836599293946335,""
608,"dc4c679c8cf1cec49817d4d2c1c96cd802ec8a047a11dc0b0bb125b5af0a76cd",0,0,0,2332205768248367,5670704154769376,931355034393690,21514724128616719,10223579453540417,""
608,"8845bfc37bb2f69e8f200fe28148b3dea3c4399b0c49ee0ed2bb4e349cab9eb7",0,0,0,1676297110942908,5685590065057810,983179475735582,21514724128616719,10223579453540417,""
609,"c21b00f90f18fce4003edf42b0b0d455126e01c946e80cc5341a9f9750caf795",0,0,0,1286324950159863,5869615205813603,751489346282242,21571432611491566,10252347180794141,""
609,"4b10e5793208cb8f228756e02113227c91602248eac4d992681a0ee760b6c4e2",0,0,0,1080832250963580,5847817533793323,0,21571432611491566,10273556478537303,""
609,"a633504ddc47a852c4ae033c750597d011a3daf00a0f6bbd48de4c52ef1022dc",0,0,0,442532629656683,5605637879977954,2460950352501,21571432611491566,10891509436103120,""
609,"dc4c679c8cf1cec49817d4d2c1c96cd802ec8a047a11dc0b0bb125b5af0a76cd",0,0,0,2546847311511433,5854823192557071,936896282162018,21571432611491566,10273556478537303,""
609,"8845bfc37bb2f69e8f200fe28148b3dea3c4399b0c49ee0ed2bb4e349cab9eb7",0,0,0,1836184658311628,5851737714903129,991100138953023,21571432611491566,10273556478537303,""
610,"c21b00f90f18fce4003edf42b0b0d455126e01c946e80cc5341a9f9750caf795",0,0,0,1570768376149789,5774000028416192,1352482473432550,21557014440366017,10263167203130608,""
610,"4b10e5793208cb8f228756e02113227c91602248eac4d992681a0ee760b6c4e2",0,0,0,1288312181925871,5684636378870030,0,21557014440366017,10286639811303110,""
610,"a633504ddc47a852c4ae033c750597d011a3daf00a0f6bbd48de4c52ef1022dc",0,0,0,656154489038185,5482250112657125,2460881379418,21557014440366017,10908742022290533,"Expired"
610,"dc4c679c8cf1cec49817d4d2c1c96cd802ec8a047a11dc0b0bb125b5af0a76cd",0,0,0,2724561463704849,5738780769119527,942347188376576,21557014440366017,10287452403256559,""
610,"8845bfc37bb2f69e8f200fe28148b3dea3c4399b0c49ee0ed2bb4e349cab9eb7",0,0,0,2079028085353821,5757129548130520,996436764251487,21557014440366017,10286639811303110,""
611,"c21b00f90f18fce4003edf42b0b0d455126e01c946e80cc5341a9f9750caf795",0,0,0,1788594109105316,5772742785310275,2320647474513890,21334261050004229,9447386551915438,""
611,"4b10e5793208cb8f228756e02113227c91602248eac4d992681a0ee760b6c4e2",0,0,0,1383363296527299,5683380512654021,0,21334261050004229,10063767860717386,""
611,"dc4c679c8cf1cec49817d4d2c1c96cd802ec8a047a11dc0b0bb125b5af0a76cd",0,0,0,2941061214081387,5721438635808493,1027656905885389,21334261050004229,10064580450243939,""
611,"8845bfc37bb2f69e8f200fe28148b3dea3c4399b0c49ee0ed2bb4e349cab9eb7",0,0,0,2967857775353931,5755796509201298,1086802378504971,21334261050004229,10063767860717386,""
612,"c21b00f90f18fce4003edf42b0b0d455126e01c946e80cc5341a9f9750caf795",0,0,0,2502797501752052,5764452218079441,3230569006301828,21332095884016358,9460144126182132,""
612,"4b10e5793208cb8f228756e02113227c91602248eac4d992681a0ee760b6c4e2",0,0,0,2756800399102237,5671399392382318,0,21332095884016358,10094737203581159,""
612,"dc4c679c8cf1cec49817d4d2c1c96cd802ec8a047a11dc0b0bb125b5af0a76cd",0,0,0,3521599567564353,5727615885285128,1211712159420600,21332095884016358,10077266322059268,"Expired"
612,"8845bfc37bb2f69e8f200fe28148b3dea3c4399b0c49ee0ed2bb4e349cab9eb7",0,0,0,3737594529521412,5758359974731224,1602622829226919,21332095884016358,10065321901574415,""
612,"73a4eb2148781c37ef37c90a33a1d3d00511a8eefe9cdfaa1ea593b090f23f96",0,0,0,575311966646142,5781372853073947,27585048875683,21332095884016358,10094737203581159,""
613,"c21b00f90f18fce4003edf42b0b0d455126e01c946e80cc5341a9f9750caf795",0,0,0,4995622431737537,5778214455932070,7288887790456410,21513892623540974,9080523810318968,"Ratified"
613,"4b10e5793208cb8f228756e02113227c91602248eac4d992681a0ee760b6c4e2",0,0,0,3154762573375514,5361165113122850,0,21513892623540974,10259913112726476,""
613,"8845bfc37bb2f69e8f200fe28148b3dea3c4399b0c49ee0ed2bb4e349cab9eb7",0,0,0,4435075864295799,5303852342667575,1984026512102347,21513892623540974,10230400588717973,"Expired"
613,"73a4eb2148781c37ef37c90a33a1d3d00511a8eefe9cdfaa1ea593b090f23f96",0,0,0,1602137264860165,5738262687761210,219288676613179,21513892623540974,10350475411831692,""
614,"4b10e5793208cb8f228756e02113227c91602248eac4d992681a0ee760b6c4e2",0,0,0,3380262873205594,5316762692805304,0,21523762757696971,10359027237426862,"Expired"
614,"73a4eb2148781c37ef37c90a33a1d3d00511a8eefe9cdfaa1ea593b090f23f96",0,0,0,1663719467222658,5745269020182151,417907078308754,21523762757696971,10449638736965820,""
615,"2f2fc2539dde550d3c83bea67c11b03861407976bbe8d07c5b0e124aa8a12baa",0,0,0,48279007718271,5810516791163836,0,21572047707756785,10406893759022337,""
615,"73a4eb2148781c37ef37c90a33a1d3d00511a8eefe9cdfaa1ea593b090f23f96",0,0,0,1847003375904518,5749320849624114,614988943534618,21572047707756785,10497561440238763,""
616,"2f2fc2539dde550d3c83bea67c11b03861407976bbe8d07c5b0e124aa8a12baa",0,0,0,1115710801711591,5785361962130239,0,21750494647282169,10580114563627839,""
616,"73a4eb2148781c37ef37c90a33a1d3d00511a8eefe9cdfaa1ea593b090f23f96",0,0,0,1860381561571815,5636518675089423,613958183873883,21750494647282169,11238485359990462,""
617,"2f2fc2539dde550d3c83bea67c11b03861407976bbe8d07c5b0e124aa8a12baa",0,0,0,2246203756536151,5797055397738030,0,21788127325337212,10625215956516126,""
617,"73a4eb2148781c37ef37c90a33a1d3d00511a8eefe9cdfaa1ea593b090f23f96",0,0,0,1908167130558920,5651035274525727,610004984258513,21788127325337212,11283242224430113,""
617,"e9693ed6b6465b2b46daaf641486a12b4b2946081634b5967b9d98897b0598fa",0,0,0,5853146445764,5834647975761430,0,21788127325337212,10625215956516126,""
618,"2f2fc2539dde550d3c83bea67c11b03861407976bbe8d07c5b0e124aa8a12baa",0,0,0,3006720400133819,5791836881645493,0,21850068855036690,10671805586582525,""
618,"f35285db3c4e085ad331843b3007737952b8a322bb3216311edc37fdf44ad3da",0,0,0,319652000135870,5832132464619630,0,21850068855036690,10671805586582525,""
618,"e5c4d7ebaad03ac127ec19a286605a188d6fea1c54e075c619ca6993b7fa9fd1",0,0,0,244226105648761,5832132464619630,0,21850068855036690,10671805586582525,""
618,"73a4eb2148781c37ef37c90a33a1d3d00511a8eefe9cdfaa1ea593b090f23f96",0,0,0,2458866805568766,5569952977228791,610894119236535,21850068855036690,11331666066400304,"Expired"
618,"e9693ed6b6465b2b46daaf641486a12b4b2946081634b5967b9d98897b0598fa",0,0,0,1221691496295928,5832132464619630,0,21850068855036690,10671805586582525,""
